지점번호,total,요일,Latitude_y,Longitude_y
A-01,47584.26666668373,0.0,37.56928,126.9518
A-01,48544.00000001198,1.0,37.56928,126.9518
A-01,48866.266129036965,2.0,37.56928,126.9518
A-01,49812.88617885847,3.0,37.56928,126.9518
A-01,50691.33606556397,4.0,37.56928,126.9518
A-01,44146.79661015644,5.0,37.56928,126.9518
A-01,38483.71666665854,6.0,37.56928,126.9518
A-02,51761.830000015645,0.0,37.572990000000004,126.9662
A-02,52975.38613861794,1.0,37.572990000000004,126.9662
A-02,53441.269230764505,2.0,37.572990000000004,126.9662
A-02,54008.72115383163,3.0,37.572990000000004,126.9662
A-02,55004.2843137052,4.0,37.572990000000004,126.9662
A-02,47623.69072163591,5.0,37.572990000000004,126.9662
A-02,42694.400000035734,6.0,37.572990000000004,126.9662
A-03,21792.517857140614,0.0,37.58925,126.9714
A-03,22892.295652172055,1.0,37.58925,126.9714
A-03,22550.862068964736,2.0,37.58925,126.9714
A-03,22912.570175439083,3.0,37.58925,126.9714
A-03,23574.535714287253,4.0,37.58925,126.9714
A-03,19956.93636363822,5.0,37.58925,126.9714
A-03,16699.500000001208,6.0,37.58925,126.9714
A-04,9118.710526314822,0.0,37.59691,126.9876
A-04,9402.54310344791,1.0,37.59691,126.9876
A-04,9326.914529914613,2.0,37.59691,126.9876
A-04,9481.175438597209,3.0,37.59691,126.9876
A-04,9841.09482758709,4.0,37.59691,126.9876
A-04,8362.009009009616,5.0,37.59691,126.9876
A-04,7070.887931033441,6.0,37.59691,126.9876
A-05,37293.97101449843,0.0,37.57651,126.9876
A-05,37385.159420292606,1.0,37.57651,126.9876
A-05,37946.91044776228,2.0,37.57651,126.9876
A-05,38769.23188405811,3.0,37.57651,126.9876
A-05,38361.92753623117,4.0,37.57651,126.9876
A-05,34386.31818181567,5.0,37.57651,126.9876
A-05,32646.550724631103,6.0,37.57651,126.9876
A-06,27181.17241377585,0.0,37.5831,127.0009
A-06,27628.403508757903,1.0,37.5831,127.0009
A-06,27394.119658109536,2.0,37.5831,127.0009
A-06,27998.452173910122,3.0,37.5831,127.0009
A-06,28341.92982456339,4.0,37.5831,127.0009
A-06,26019.000000011416,5.0,37.5831,127.0009
A-06,24030.612068996452,6.0,37.5831,127.0009
A-07,25672.71698112421,0.0,37.57839,127.005
A-07,26159.056074763317,1.0,37.57839,127.005
A-07,26538.954954953406,2.0,37.57839,127.005
A-07,26792.699999998706,3.0,37.57839,127.005
A-07,26940.61467889835,4.0,37.57839,127.005
A-07,22770.010309280322,5.0,37.57839,127.005
A-07,22345.943925245276,6.0,37.57839,127.005
A-08,34523.772727270654,0.0,37.5737,127.0201
A-08,34618.46491227919,1.0,37.5737,127.0201
A-08,34685.919642856854,2.0,37.5737,127.0201
A-08,34903.75454545488,3.0,37.5737,127.0201
A-08,34643.557522125484,4.0,37.5737,127.0201
A-08,33095.063636365274,5.0,37.5737,127.0201
A-08,30096.098214286103,6.0,37.5737,127.0201
A-09,25660.326315806713,0.0,37.566,127.0238
A-09,25494.613861397596,1.0,37.566,127.0238
A-09,25109.836734698554,2.0,37.566,127.0238
A-09,25490.393939395748,3.0,37.566,127.0238
A-09,25717.91919191547,4.0,37.566,127.0238
A-09,24907.260416657315,5.0,37.566,127.0238
A-09,22269.863157872343,6.0,37.566,127.0238
A-10,47048.071428565214,0.0,37.55915,127.0101
A-10,48456.691588782225,1.0,37.55915,127.0101
A-10,48856.321100917,2.0,37.55915,127.0101
A-10,49707.02752293699,3.0,37.55915,127.0101
A-10,49482.321100920024,4.0,37.55915,127.0101
A-10,43916.675675678875,5.0,37.55915,127.0101
A-10,36684.035714288264,6.0,37.55915,127.0101
A-11,36920.50862065466,0.0,37.55729,127.0075
A-11,37723.61788615568,1.0,37.55729,127.0075
A-11,37707.64705881196,2.0,37.55729,127.0075
A-11,38501.70588235341,3.0,37.55729,127.0075
A-11,37999.80991736691,4.0,37.55729,127.0075
A-11,32833.52136754398,5.0,37.55729,127.0075
A-11,27042.958677720242,6.0,37.55729,127.0075
A-12,21264.84126983248,0.0,37.55806,126.9796
A-12,21111.79687499449,1.0,37.55806,126.9796
A-12,21388.692307688787,2.0,37.55806,126.9796
A-12,21643.848484848502,3.0,37.55806,126.9796
A-12,21590.14062500231,4.0,37.55806,126.9796
A-12,20823.200000005712,5.0,37.55806,126.9796
A-12,19208.136363645517,6.0,37.55806,126.9796
A-13,37789.65178571086,0.0,37.55911,126.9772
A-13,38354.776785711016,1.0,37.55911,126.9772
A-13,38324.28695651931,2.0,37.55911,126.9772
A-13,39425.52252252042,3.0,37.55911,126.9772
A-13,39334.64601769856,4.0,37.55911,126.9772
A-13,31424.229357800104,5.0,37.55911,126.9772
A-13,26719.758928581265,6.0,37.55911,126.9772
A-14,29874.17142857362,0.0,37.57026,126.9738
A-14,30243.708333334635,1.0,37.57026,126.9738
A-14,29873.513513513888,2.0,37.57026,126.9738
A-14,30349.941176469812,3.0,37.57026,126.9738
A-14,30577.028169012057,4.0,37.57026,126.9738
A-14,26055.352941174195,5.0,37.57026,126.9738
A-14,24509.257142858096,6.0,37.57026,126.9738
A-15,36726.14444444143,0.0,37.57067,126.9943
A-15,37197.80851063748,1.0,37.57067,126.9943
A-15,36705.578947360205,2.0,37.57067,126.9943
A-15,37577.8152173761,3.0,37.57067,126.9943
A-15,36360.99999998185,4.0,37.57067,126.9943
A-15,32154.233333328164,5.0,37.57067,126.9943
A-15,31142.42105267966,6.0,37.57067,126.9943
A-16,34820.69911501882,0.0,37.56323,126.9757
A-16,34599.89655170513,1.0,37.56323,126.9757
A-16,34708.66666665786,2.0,37.56323,126.9757
A-16,35994.72807017769,3.0,37.56323,126.9757
A-16,34598.146551736914,4.0,37.56323,126.9757
A-16,27824.440366991672,5.0,37.56323,126.9757
A-16,26904.28813561226,6.0,37.56323,126.9757
A-17,48171.43137254547,0.0,37.56813,126.9801
A-17,50770.88349514278,1.0,37.56813,126.9801
A-17,50223.23584905457,2.0,37.56813,126.9801
A-17,51303.135922329835,3.0,37.56813,126.9801
A-17,51154.24528301849,4.0,37.56813,126.9801
A-17,36464.13402061911,5.0,37.56813,126.9801
A-17,31595.6326530699,6.0,37.56813,126.9801
A-18,22392.10714285206,0.0,37.56661,126.9919
A-18,22165.66666666367,1.0,37.56661,126.9919
A-18,22193.895652172807,2.0,37.56661,126.9919
A-18,22703.035398231023,3.0,37.56661,126.9919
A-18,22661.78761062143,4.0,37.56661,126.9919
A-18,18950.711711714386,5.0,37.56661,126.9919
A-18,17078.098214289195,6.0,37.56661,126.9919
A-19,13450.765217389982,0.0,37.56033,126.9755
A-19,13612.254237287987,1.0,37.56033,126.9755
A-19,13559.435897436542,2.0,37.56033,126.9755
A-19,13873.189655173319,3.0,37.56033,126.9755
A-19,13935.422413793944,4.0,37.56033,126.9755
A-19,10582.92920353991,5.0,37.56033,126.9755
A-19,8665.017391302927,6.0,37.56033,126.9755
A-20,44295.72222220619,0.0,37.53861,127.0071
A-20,44718.39516128434,1.0,37.53861,127.0071
A-20,44799.52000000009,2.0,37.53861,127.0071
A-20,44885.911290327196,3.0,37.53861,127.0071
A-20,44208.54761905643,4.0,37.53861,127.0071
A-20,47099.680327877526,5.0,37.53861,127.0071
A-20,46627.67999999948,6.0,37.53861,127.0071
A-21,18897.47580645103,0.0,37.54495,126.9927
A-21,18840.11885245865,1.0,37.54495,126.9927
A-21,18967.40163934374,2.0,37.54495,126.9927
A-21,19177.846774193466,3.0,37.54495,126.9927
A-21,19074.185483870897,4.0,37.54495,126.9927
A-21,18762.391666667063,5.0,37.54495,126.9927
A-21,15407.598360656972,6.0,37.54495,126.9927
A-22,25642.831999954986,0.0,37.54506,126.9914
A-22,27109.58536582178,1.0,37.54506,126.9914
A-22,27106.33606555663,2.0,37.54506,126.9914
A-22,27677.252032517834,3.0,37.54506,126.9914
A-22,27753.89600001216,4.0,37.54506,126.9914
A-22,27341.762295111417,5.0,37.54506,126.9914
A-22,24838.098360712393,6.0,37.54506,126.9914
A-23,11653.222222217179,0.0,37.557629999999996,126.9793
A-23,12367.787037033619,1.0,37.557629999999996,126.9793
A-23,12322.630630628986,2.0,37.557629999999996,126.9793
A-23,12937.663636363599,3.0,37.557629999999996,126.9793
A-23,12984.78504673085,4.0,37.557629999999996,126.9793
A-23,8089.252336452091,5.0,37.557629999999996,126.9793
A-23,5467.323809528907,6.0,37.557629999999996,126.9793
A-24,11911.664000001121,0.0,37.55562000000001,126.9866
A-24,12340.089430894528,1.0,37.55562000000001,126.9866
A-24,12313.250000001186,2.0,37.55562000000001,126.9866
A-24,12509.256000002712,3.0,37.55562000000001,126.9866
A-24,12902.632000003763,4.0,37.55562000000001,126.9866
A-24,10129.089430895747,5.0,37.55562000000001,126.9866
A-24,8432.7723577127,6.0,37.55562000000001,126.9866
B-01,38862.98809521118,0.0,37.69265,127.0478
B-01,38851.63095236949,1.0,37.69265,127.0478
B-01,39005.51249999345,2.0,37.69265,127.0478
B-01,38434.0238095188,3.0,37.69265,127.0478
B-01,40209.96341463332,4.0,37.69265,127.0478
B-01,38199.537500011815,5.0,37.69265,127.0478
B-01,31985.530120522097,6.0,37.69265,127.0478
B-02,66661.66666658204,0.0,37.69278,127.0583
B-02,67939.224999948,1.0,37.69278,127.0583
B-02,67405.7469879303,2.0,37.69278,127.0583
B-02,68427.66250000756,3.0,37.69278,127.0583
B-02,69500.66666670078,4.0,37.69278,127.0583
B-02,72700.25609761551,5.0,37.69278,127.0583
B-02,64968.07407413125,6.0,37.69278,127.0583
B-03,18526.766355136217,0.0,37.55238,127.1126
B-03,19020.644859816963,1.0,37.55238,127.1126
B-03,19176.84403670278,2.0,37.55238,127.1126
B-03,18845.43809524491,3.0,37.55238,127.1126
B-03,20128.08490566698,4.0,37.55238,127.1126
B-03,19709.83809523987,5.0,37.55238,127.1126
B-03,16057.5046728759,6.0,37.55238,127.1126
B-04,24067.443478286004,0.0,37.60185,127.1189
B-04,23920.324786341993,1.0,37.60185,127.1189
B-04,24152.32478633264,2.0,37.60185,127.1189
B-04,24057.76785714151,3.0,37.60185,127.1189
B-04,24959.236842094193,4.0,37.60185,127.1189
B-04,25210.221238919272,5.0,37.60185,127.1189
B-04,20592.76521737149,6.0,37.60185,127.1189
B-05,36027.01754385587,0.0,37.62081,127.1086
B-05,36786.56140350844,1.0,37.62081,127.1086
B-05,36995.72807017487,2.0,37.62081,127.1086
B-05,36821.6666666642,3.0,37.62081,127.1086
B-05,37782.70175438269,4.0,37.62081,127.1086
B-05,36751.660714284975,5.0,37.62081,127.1086
B-05,31365.46902655955,6.0,37.62081,127.1086
B-06,35343.798387076524,0.0,37.63128,127.1022
B-06,35425.98387095424,1.0,37.63128,127.1022
B-06,35460.09756096983,2.0,37.63128,127.1022
B-06,35431.7822580646,3.0,37.63128,127.1022
B-06,36133.86666667305,4.0,37.63128,127.1022
B-06,36249.316666679304,5.0,37.63128,127.1022
B-06,33578.770491824886,6.0,37.63128,127.1022
B-07,70297.3243242754,0.0,37.61421,127.1118
B-07,69842.70909086605,1.0,37.61421,127.1118
B-07,70711.81415926566,2.0,37.61421,127.1118
B-07,70167.5862068987,3.0,37.61421,127.1118
B-07,72105.24545457217,4.0,37.61421,127.1118
B-07,70031.82142861703,5.0,37.61421,127.1118
B-07,66331.44144148243,6.0,37.61421,127.1118
B-08,62365.934426129395,0.0,37.517509999999994,127.15
B-08,63657.116666598704,1.0,37.517509999999994,127.15
B-08,65318.37704913312,2.0,37.517509999999994,127.15
B-08,64610.77499997873,3.0,37.517509999999994,127.15
B-08,66785.15000000718,4.0,37.517509999999994,127.15
B-08,63397.02500006237,5.0,37.517509999999994,127.15
B-08,53370.93277328235,6.0,37.517509999999994,127.15
B-09,44561.97391305677,0.0,37.54788,127.178
B-09,45149.98198199223,1.0,37.54788,127.178
B-09,44962.904347829295,2.0,37.54788,127.178
B-09,44997.412280702716,3.0,37.54788,127.178
B-09,46048.937499994856,4.0,37.54788,127.178
B-09,43752.04464284842,5.0,37.54788,127.178
B-09,35939.88392855762,6.0,37.54788,127.178
B-10,128633.77777779673,0.0,37.57035,127.1602
B-10,129733.88118814328,1.0,37.57035,127.1602
B-10,126769.53465347635,2.0,37.57035,127.1602
B-10,130396.61386138,3.0,37.57035,127.1602
B-10,138747.4141413896,4.0,37.57035,127.1602
B-10,138995.6199999716,5.0,37.57035,127.1602
B-10,127603.31683168758,6.0,37.57035,127.1602
B-11,121900.84552848277,0.0,37.46553,127.0415
B-11,120148.48780489461,1.0,37.46553,127.0415
B-11,121130.73983741464,2.0,37.46553,127.0415
B-11,121441.783999999,3.0,37.46553,127.0415
B-11,120147.99173552987,4.0,37.46553,127.0415
B-11,118199.64166664467,5.0,37.46553,127.0415
B-11,120963.85950410164,6.0,37.46553,127.0415
B-12,44293.30555551599,0.0,37.469570000000004,127.1291
B-12,45008.938053068225,1.0,37.469570000000004,127.1291
B-12,45347.71559631218,2.0,37.469570000000004,127.1291
B-12,45404.435185181115,3.0,37.469570000000004,127.1291
B-12,46645.15789474929,4.0,37.469570000000004,127.1291
B-12,44261.10377361574,5.0,37.469570000000004,127.1291
B-12,38431.43809528842,6.0,37.469570000000004,127.1291
B-13,31342.37313433097,0.0,37.46313,127.1106
B-13,32142.014925375268,1.0,37.46313,127.1106
B-13,32184.77611940162,2.0,37.46313,127.1106
B-13,32644.13636363751,3.0,37.46313,127.1106
B-13,34309.80303030316,4.0,37.46313,127.1106
B-13,29222.924242424786,5.0,37.46313,127.1106
B-13,20304.569230764064,6.0,37.46313,127.1106
B-14,76562.24590166238,0.0,37.47185,127.1257
B-14,77129.94308944828,1.0,37.47185,127.1257
B-14,77833.38016529405,2.0,37.47185,127.1257
B-14,77015.42276421779,3.0,37.47185,127.1257
B-14,77694.27118641777,4.0,37.47185,127.1257
B-14,75285.21008400944,5.0,37.47185,127.1257
B-14,72647.15000001247,6.0,37.47185,127.1257
B-15,43382.89898989937,0.0,37.46398,126.9915
B-15,44696.440000000766,1.0,37.46398,126.9915
B-15,44406.920792078716,2.0,37.46398,126.9915
B-15,44742.505050505766,3.0,37.46398,126.9915
B-15,45932.76923076877,4.0,37.46398,126.9915
B-15,43807.31683168267,5.0,37.46398,126.9915
B-15,45819.73529411741,6.0,37.46398,126.9915
B-16,60764.5882351403,0.0,37.46069,127.0379
B-16,60517.69230765543,1.0,37.46069,127.0379
B-16,57988.6727273151,2.0,37.46069,127.0379
B-16,61609.92727282019,3.0,37.46069,127.0379
B-16,61397.59615396381,4.0,37.46069,127.0379
B-16,56175.34615391724,5.0,37.46069,127.0379
B-16,55019.85999985364,6.0,37.46069,127.0379
B-17,40039.098039221455,0.0,37.48427,127.0143
B-17,41997.05607476819,1.0,37.48427,127.0143
B-17,42265.89320388365,2.0,37.48427,127.0143
B-17,42073.07843137092,3.0,37.48427,127.0143
B-17,43584.14018691218,4.0,37.48427,127.0143
B-17,42855.21782177742,5.0,37.48427,127.0143
B-17,35728.70476190685,6.0,37.48427,127.0143
B-18,64496.31868128544,0.0,37.435500000000005,126.9064
B-18,65129.35483869223,1.0,37.435500000000005,126.9064
B-18,65549.15384615964,2.0,37.435500000000005,126.9064
B-18,64969.197802226074,3.0,37.435500000000005,126.9064
B-18,66841.23655918003,4.0,37.435500000000005,126.9064
B-18,62556.382022498365,5.0,37.435500000000005,126.9064
B-18,54165.04347821204,6.0,37.435500000000005,126.9064
B-19,8707.594827583885,0.0,37.483309999999996,126.8447
B-19,8702.423728811265,1.0,37.483309999999996,126.8447
B-19,8804.148760329557,2.0,37.483309999999996,126.8447
B-19,8794.43333333188,3.0,37.483309999999996,126.8447
B-19,9138.108333332228,4.0,37.483309999999996,126.8447
B-19,8080.25862068975,5.0,37.483309999999996,126.8447
B-19,5295.458333341881,6.0,37.483309999999996,126.8447
B-20,21158.24778762977,0.0,37.4832,126.8458
B-20,21018.96491229242,1.0,37.4832,126.8458
B-20,21146.850877199417,2.0,37.4832,126.8458
B-20,21286.078260870883,3.0,37.4832,126.8458
B-20,22073.721739125038,4.0,37.4832,126.8458
B-20,22055.607142844055,5.0,37.4832,126.8458
B-20,18968.643478240636,6.0,37.4832,126.8458
B-21,17998.866071432993,0.0,37.48717,126.8593
B-21,18122.9043478274,1.0,37.48717,126.8593
B-21,18217.105263160523,2.0,37.48717,126.8593
B-21,18367.398230086153,3.0,37.48717,126.8593
B-21,18832.491228069393,4.0,37.48717,126.8593
B-21,18637.630630628137,5.0,37.48717,126.8593
B-21,16341.929203537136,6.0,37.48717,126.8593
B-22,17794.46551724213,0.0,37.48551,126.8762
B-22,18317.18260869581,1.0,37.48551,126.8762
B-22,17990.58474576377,2.0,37.48551,126.8762
B-22,17958.599999999944,3.0,37.48551,126.8762
B-22,18874.043478261134,4.0,37.48551,126.8762
B-22,18331.2347826082,5.0,37.48551,126.8762
B-22,15044.25217391118,6.0,37.48551,126.8762
B-23,29153.504950494444,0.0,37.47498,126.8813
B-23,29948.91428571393,1.0,37.47498,126.8813
B-23,29221.932692306957,2.0,37.47498,126.8813
B-23,28633.242718446516,3.0,37.47498,126.8813
B-23,28787.94230769196,4.0,37.47498,126.8813
B-23,26295.12121212156,5.0,37.47498,126.8813
B-23,22526.090909092596,6.0,37.47498,126.8813
B-24,40990.60937500139,0.0,37.46516,126.8873
B-24,40629.11111111346,1.0,37.46516,126.8873
B-24,41504.41538461484,2.0,37.46516,126.8873
B-24,42524.476190480236,3.0,37.46516,126.8873
B-24,42659.19047619192,4.0,37.46516,126.8873
B-24,34124.25757575721,5.0,37.46516,126.8873
B-24,26857.030769221943,6.0,37.46516,126.8873
B-25,23427.825581464702,0.0,37.45189,126.8946
B-25,23663.797752852268,1.0,37.45189,126.8946
B-25,24250.096774212023,2.0,37.45189,126.8946
B-25,23852.22471909448,3.0,37.45189,126.8946
B-25,25135.7499999701,4.0,37.45189,126.8946
B-25,23617.80459765533,5.0,37.45189,126.8946
B-25,20251.90804592871,6.0,37.45189,126.8946
B-26,17800.592920357492,0.0,37.54318,126.8123
B-26,17927.23684211406,1.0,37.54318,126.8123
B-26,18147.70434783666,2.0,37.54318,126.8123
B-26,18159.713043486932,3.0,37.54318,126.8123
B-26,18937.594827588953,4.0,37.54318,126.8123
B-26,17076.459459451507,5.0,37.54318,126.8123
B-26,13543.817391278586,6.0,37.54318,126.8123
B-27,25419.14444444315,0.0,37.53983,126.8272
B-27,25568.152173913724,1.0,37.53983,126.8272
B-27,25292.578947369453,2.0,37.53983,126.8272
B-27,25131.81052631661,3.0,37.53983,126.8272
B-27,25617.11458333392,4.0,37.53983,126.8272
B-27,26781.728260869637,5.0,37.53983,126.8272
B-27,22255.652631577144,6.0,37.53983,126.8272
B-28,110082.39622653837,0.0,37.525659999999995,126.8352
B-28,108856.93693701123,1.0,37.525659999999995,126.8352
B-28,110198.30000002554,2.0,37.525659999999995,126.8352
B-28,110334.40186914569,3.0,37.525659999999995,126.8352
B-28,112368.83177565658,4.0,37.525659999999995,126.8352
B-28,110372.45283011885,5.0,37.525659999999995,126.8352
B-28,101857.3333332362,6.0,37.525659999999995,126.8352
B-29,24179.717171719152,0.0,37.48924,126.82549999999999
B-29,24183.086538460117,1.0,37.48924,126.82549999999999
B-29,24463.134615381397,2.0,37.48924,126.82549999999999
B-29,24615.10679611281,3.0,37.48924,126.82549999999999
B-29,25083.59999999679,4.0,37.48924,126.82549999999999
B-29,25324.93069306895,5.0,37.48924,126.82549999999999
B-29,22363.057692317263,6.0,37.48924,126.82549999999999
B-30,27326.351351323014,0.0,37.50669,126.82700000000001
B-30,28511.602739705842,1.0,37.50669,126.82700000000001
B-30,28007.05479450703,2.0,37.50669,126.82700000000001
B-30,28146.31081080214,3.0,37.50669,126.82700000000001
B-30,28297.77333333352,4.0,37.50669,126.82700000000001
B-30,27862.150684948603,5.0,37.50669,126.82700000000001
B-30,21965.16438361554,6.0,37.50669,126.82700000000001
B-31,33870.713043485826,0.0,37.58605,126.7987
B-31,34304.64406780031,1.0,37.58605,126.7987
B-31,34362.35593219935,2.0,37.58605,126.7987
B-31,33888.53389829547,3.0,37.58605,126.7987
B-31,36023.63025209063,4.0,37.58605,126.7987
B-31,35583.04310344503,5.0,37.58605,126.7987
B-31,29567.03389832034,6.0,37.58605,126.7987
B-32,100304.21551723065,0.0,37.58838,126.8159
B-32,101176.44827585467,1.0,37.58838,126.8159
B-32,100943.96581195893,2.0,37.58838,126.8159
B-32,101046.30252101066,3.0,37.58838,126.8159
B-32,103672.75000000407,4.0,37.58838,126.8159
B-32,103497.01724138772,5.0,37.58838,126.8159
B-32,94260.16239317317,6.0,37.58838,126.8159
B-33,36841.13274338864,0.0,37.6474,126.9096
B-33,36518.57657659814,1.0,37.6474,126.9096
B-33,36872.70796461883,2.0,37.6474,126.9096
B-33,36636.20175439654,3.0,37.6474,126.9096
B-33,38082.150442480335,4.0,37.6474,126.9096
B-33,39882.97345131088,5.0,37.6474,126.9096
B-33,38237.4649122199,6.0,37.6474,126.9096
B-34,28188.28181818216,0.0,37.61844,126.9089
B-34,28561.858407080043,1.0,37.61844,126.9089
B-34,28464.828828828988,2.0,37.61844,126.9089
B-34,28376.281818182164,3.0,37.61844,126.9089
B-34,29159.315315315456,4.0,37.61844,126.9089
B-34,30472.416666666635,5.0,37.61844,126.9089
B-34,27780.110091741743,6.0,37.61844,126.9089
B-35,32097.85840710663,0.0,37.58829,126.8893
B-35,32180.879310362514,1.0,37.58829,126.8893
B-35,32194.57391305264,2.0,37.58829,126.8893
B-35,32387.508928572563,3.0,37.58829,126.8893
B-35,33238.13274335601,4.0,37.58829,126.8893
B-35,31617.648648632137,5.0,37.58829,126.8893
B-35,25433.7699114726,6.0,37.58829,126.8893
B-36,155714.15178572424,0.0,37.57141,126.8754
B-36,154691.1415929252,1.0,37.57141,126.8754
B-36,154693.6181818193,2.0,37.57141,126.8754
B-36,154652.7207207179,3.0,37.57141,126.8754
B-36,154966.47663550772,4.0,37.57141,126.8754
B-36,153306.91666665956,5.0,37.57141,126.8754
B-36,148497.26363636265,6.0,37.57141,126.8754
B-37,93240.24285712148,0.0,37.56393,127.1202
B-37,94770.68115940908,1.0,37.56393,127.1202
B-37,94413.85714285886,2.0,37.56393,127.1202
B-37,95578.97142857901,3.0,37.56393,127.1202
B-37,97980.02857144442,4.0,37.56393,127.1202
B-37,98014.15714286963,5.0,37.56393,127.1202
B-37,83973.28571428088,6.0,37.56393,127.1202
C-01,76072.18181816647,0.0,37.59836,126.8126
C-01,77419.81147539141,1.0,37.59836,126.8126
C-01,76663.59016392098,2.0,37.59836,126.8126
C-01,78365.04878047982,3.0,37.59836,126.8126
C-01,80427.11764705741,4.0,37.59836,126.8126
C-01,77931.84297521629,5.0,37.59836,126.8126
C-01,62903.23770496594,6.0,37.59836,126.8126
C-03,78887.21666666774,0.0,37.56874000000001,126.8629
C-03,80023.21186440851,1.0,37.56874000000001,126.8629
C-03,80001.41322314032,2.0,37.56874000000001,126.8629
C-03,80250.8016528938,3.0,37.56874000000001,126.8629
C-03,81393.56302520953,4.0,37.56874000000001,126.8629
C-03,79949.2857142849,5.0,37.56874000000001,126.8629
C-03,71787.98347107173,6.0,37.56874000000001,126.8629
C-04,104412.40983603269,0.0,37.55262000000001,126.8941
C-04,104861.60483868385,1.0,37.55262000000001,126.8941
C-04,105485.99999998171,2.0,37.55262000000001,126.8941
C-04,107331.81300812421,3.0,37.55262000000001,126.8941
C-04,107397.30000000674,4.0,37.55262000000001,126.8941
C-04,104297.19008266929,5.0,37.55262000000001,126.8941
C-04,101098.22314054871,6.0,37.55262000000001,126.8941
C-05,95222.148760344,0.0,37.54385,126.9068
C-05,96768.2066115887,1.0,37.54385,126.9068
C-05,98139.34166668968,2.0,37.54385,126.9068
C-05,97572.15573772036,3.0,37.54385,126.9068
C-05,97831.38655462807,4.0,37.54385,126.9068
C-05,95218.4201680516,5.0,37.54385,126.9068
C-05,85809.5333332751,6.0,37.54385,126.9068
C-06,36052.67768595031,0.0,37.537890000000004,126.9282
C-06,37280.35833333318,1.0,37.537890000000004,126.9282
C-06,37501.71074380176,2.0,37.537890000000004,126.9282
C-06,38423.75409836067,3.0,37.537890000000004,126.9282
C-06,39006.957983193126,4.0,37.537890000000004,126.9282
C-06,33885.452991452425,5.0,37.537890000000004,126.9282
C-06,28743.457627119533,6.0,37.537890000000004,126.9282
C-07,76560.96330273044,0.0,37.53414,126.9393
C-07,76020.90265484818,1.0,37.53414,126.9393
C-07,76356.31578945988,2.0,37.53414,126.9393
C-07,79324.83333332482,3.0,37.53414,126.9393
C-07,78234.1071428534,4.0,37.53414,126.9393
C-07,68033.4434782711,5.0,37.53414,126.9393
C-07,57018.18333338722,6.0,37.53414,126.9393
C-08,41451.59504133085,0.0,37.52731,126.9482
C-08,42977.57500000691,1.0,37.52731,126.9482
C-08,42797.5041322372,2.0,37.52731,126.9482
C-08,43891.401639347576,3.0,37.52731,126.9482
C-08,44368.119658119256,4.0,37.52731,126.9482
C-08,37458.06722688379,5.0,37.52731,126.9482
C-08,30896.349999982813,6.0,37.52731,126.9482
C-09,65843.70588234981,0.0,37.518570000000004,126.962
C-09,66489.51239669233,1.0,37.518570000000004,126.962
C-09,66217.57499999876,2.0,37.518570000000004,126.962
C-09,66396.93220338892,3.0,37.518570000000004,126.962
C-09,67140.02608695507,4.0,37.518570000000004,126.962
C-09,67979.49152542354,5.0,37.518570000000004,126.962
C-09,62624.88983051741,6.0,37.518570000000004,126.962
C-10,45137.70491804754,0.0,37.51012,126.98450000000001
C-10,46723.455284560696,1.0,37.51012,126.98450000000001
C-10,47017.77049180843,2.0,37.51012,126.98450000000001
C-10,47136.62096774517,3.0,37.51012,126.98450000000001
C-10,48153.168067227474,4.0,37.51012,126.98450000000001
C-10,44737.13333332685,5.0,37.51012,126.98450000000001
C-10,38201.049586751156,6.0,37.51012,126.98450000000001
C-11,68017.12820515946,0.0,37.51525,126.9992
C-11,67976.22689078402,1.0,37.51525,126.9992
C-11,69086.20338984519,2.0,37.51525,126.9992
C-11,69067.96610169788,3.0,37.51525,126.9992
C-11,68576.46956520683,4.0,37.51525,126.9992
C-11,67631.03478258512,5.0,37.51525,126.9992
C-11,62855.564102520715,6.0,37.51525,126.9992
C-12,13588.12711864722,0.0,37.50816,127.0029
C-12,13715.38135593011,1.0,37.50816,127.0029
C-12,14126.148760328835,2.0,37.50816,127.0029
C-12,14149.229508196599,3.0,37.50816,127.0029
C-12,14424.410256410663,4.0,37.50816,127.0029
C-12,12061.381355932104,5.0,37.50816,127.0029
C-12,11315.982608696335,6.0,37.50816,127.0029
C-13,126716.2727272534,0.0,37.52747,127.0159
C-13,130023.30252099835,1.0,37.52747,127.0159
C-13,131120.35833333162,2.0,37.52747,127.0159
C-13,132525.14754099233,3.0,37.52747,127.0159
C-13,131644.5338983176,4.0,37.52747,127.0159
C-13,123272.94166667866,5.0,37.52747,127.0159
C-13,111768.6218487369,6.0,37.52747,127.0159
C-14,55999.13008129119,0.0,37.538759999999996,127.0224
C-14,56527.59836065119,1.0,37.538759999999996,127.0224
C-14,57099.42622950728,2.0,37.538759999999996,127.0224
C-14,57803.349593499865,3.0,37.538759999999996,127.0224
C-14,57951.79166667245,4.0,37.538759999999996,127.0224
C-14,53961.27272727849,5.0,37.538759999999996,127.0224
C-14,46160.39344262273,6.0,37.538759999999996,127.0224
C-15,81375.3114753914,0.0,37.537420000000004,127.0378
C-15,82372.95934958161,1.0,37.537420000000004,127.0378
C-15,81454.83471074072,2.0,37.537420000000004,127.0378
C-15,81506.95081966885,3.0,37.537420000000004,127.0378
C-15,82228.08474576661,4.0,37.537420000000004,127.0378
C-15,81715.30578513363,5.0,37.537420000000004,127.0378
C-15,74875.63114756592,6.0,37.537420000000004,127.0378
C-16,83130.80000002004,0.0,37.53086,127.0603
C-16,83335.16260164347,1.0,37.53086,127.0603
C-16,84204.72727273831,2.0,37.53086,127.0603
C-16,85933.08196721622,3.0,37.53086,127.0603
C-16,85666.82352940601,4.0,37.53086,127.0603
C-16,83552.52499998416,5.0,37.53086,127.0603
C-16,71115.79999996882,6.0,37.53086,127.0603
C-17,86780.64516130042,0.0,37.52598,127.0669
C-17,87173.39516129551,1.0,37.52598,127.0669
C-17,87837.94262295401,2.0,37.52598,127.0669
C-17,88528.63199999969,3.0,37.52598,127.0669
C-17,88719.92561983354,4.0,37.52598,127.0669
C-17,85762.21487602791,5.0,37.52598,127.0669
C-17,79343.2459016274,6.0,37.52598,127.0669
C-18,66524.65289256895,0.0,37.5246,127.0946
C-18,69772.36585366564,1.0,37.5246,127.0946
C-18,69572.66393443175,2.0,37.5246,127.0946
C-18,69853.95901639663,3.0,37.5246,127.0946
C-18,70812.31932773137,4.0,37.5246,127.0946
C-18,67562.09166666154,5.0,37.5246,127.0946
C-18,57476.652542354175,6.0,37.5246,127.0946
C-19,47960.094017112046,0.0,37.53435,127.1069
C-19,49227.60504203135,1.0,37.53435,127.1069
C-19,48942.850877200566,2.0,37.53435,127.1069
C-19,49631.87610619518,3.0,37.53435,127.1069
C-19,51132.269565209936,4.0,37.53435,127.1069
C-19,49536.666666652425,5.0,37.53435,127.1069
C-19,39130.773913023644,6.0,37.53435,127.1069
C-20,56953.11570248249,0.0,37.54322,127.1156
C-20,57950.161290325734,1.0,37.54322,127.1156
C-20,57967.58536585387,2.0,37.54322,127.1156
C-20,58419.08943089575,3.0,37.54322,127.1156
C-20,60055.10924369615,4.0,37.54322,127.1156
C-20,59280.815126048416,5.0,37.54322,127.1156
C-20,50256.83471073906,6.0,37.54322,127.1156
C-21,11940.027777779935,0.0,37.544709999999995,127.1181
C-21,11911.546296297684,1.0,37.544709999999995,127.1181
C-21,11807.54629629866,2.0,37.544709999999995,127.1181
C-21,12175.074766356614,3.0,37.544709999999995,127.1181
C-21,12615.980392158468,4.0,37.544709999999995,127.1181
C-21,12094.773584904615,5.0,37.544709999999995,127.1181
C-21,9533.084112141689,6.0,37.544709999999995,127.1181
D-01,31970.63478261428,0.0,37.6094,126.9575
D-01,32928.00826446855,1.0,37.6094,126.9575
D-01,32556.388429755905,2.0,37.6094,126.9575
D-01,32937.66949152731,3.0,37.6094,126.9575
D-01,34081.62393162371,4.0,37.6094,126.9575
D-01,33701.73043477888,5.0,37.6094,126.9575
D-01,28248.07563023884,6.0,37.6094,126.9575
D-03,47069.386554621065,0.0,37.55229,127.0163
D-03,47635.32231404829,1.0,37.55229,127.0163
D-03,47947.85950413254,2.0,37.55229,127.0163
D-03,48518.44537815004,3.0,37.55229,127.0163
D-03,48434.03305785147,4.0,37.55229,127.0163
D-03,44238.401709402,5.0,37.55229,127.0163
D-03,38274.438016531094,6.0,37.55229,127.0163
D-04,60842.03225805674,0.0,37.52768,127.0075
D-04,62823.225806448965,1.0,37.52768,127.0075
D-04,62905.601626017335,2.0,37.52768,127.0075
D-04,63134.758064519236,3.0,37.52768,127.0075
D-04,64297.05000000513,4.0,37.52768,127.0075
D-04,60096.46218487835,5.0,37.52768,127.0075
D-04,50779.467213111166,6.0,37.52768,127.0075
D-05,49152.872727249676,0.0,37.56132,127.0715
D-05,49379.917431185044,1.0,37.56132,127.0715
D-05,49862.89999999885,2.0,37.56132,127.0715
D-05,49786.754545458476,3.0,37.56132,127.0715
D-05,50026.927272734596,4.0,37.56132,127.0715
D-05,46120.09259260299,5.0,37.56132,127.0715
D-05,36545.22727273793,6.0,37.56132,127.0715
D-06,49034.76612902089,0.0,37.54258,127.0234
D-06,50290.00806450943,1.0,37.54258,127.0234
D-06,50389.682926825335,2.0,37.54258,127.0234
D-06,50923.2580645173,3.0,37.54258,127.0234
D-06,51729.875000002925,4.0,37.54258,127.0234
D-06,47347.46666667334,5.0,37.54258,127.0234
D-06,39651.606557388965,6.0,37.54258,127.0234
D-07,46761.008130079616,0.0,37.55369,127.0732
D-07,47074.08130080999,1.0,37.55369,127.0732
D-07,47309.05833332985,2.0,37.55369,127.0732
D-07,47872.77868852201,3.0,37.55369,127.0732
D-07,48056.3305084731,4.0,37.55369,127.0732
D-07,47205.48305084936,5.0,37.55369,127.0732
D-07,39127.806722700145,6.0,37.55369,127.0732
D-08,43649.45454543675,0.0,37.604279999999996,127.0472
D-08,44120.08264461557,1.0,37.604279999999996,127.0472
D-08,43900.06504064328,2.0,37.604279999999996,127.0472
D-08,44345.42975206576,3.0,37.604279999999996,127.0472
D-08,44505.983471079395,4.0,37.604279999999996,127.0472
D-08,42544.605042028794,5.0,37.604279999999996,127.0472
D-08,39978.747967500676,6.0,37.604279999999996,127.0472
D-09,34131.23529412749,0.0,37.6004,127.0246
D-09,33792.33606557948,1.0,37.6004,127.0246
D-09,33985.17213115095,2.0,37.6004,127.0246
D-09,34718.280991735,3.0,37.6004,127.0246
D-09,34042.74380164985,4.0,37.6004,127.0246
D-09,32041.69230768556,5.0,37.6004,127.0246
D-09,29416.71074379247,6.0,37.6004,127.0246
D-10,49241.90322582235,0.0,37.62037,127.0856
D-10,49211.12903226887,1.0,37.62037,127.0856
D-10,48891.38211382707,2.0,37.62037,127.0856
D-10,48971.790322581684,3.0,37.62037,127.0856
D-10,49858.241666663336,4.0,37.62037,127.0856
D-10,51186.96666665702,5.0,37.62037,127.0856
D-10,47916.3770491588,6.0,37.62037,127.0856
D-11,30580.305263172097,0.0,37.64622,127.0363
D-11,30250.13483146935,1.0,37.64622,127.0363
D-11,30196.467391309787,2.0,37.64622,127.0363
D-11,30200.138297876696,3.0,37.64622,127.0363
D-11,30925.698924732296,4.0,37.64622,127.0363
D-11,30104.107526875236,5.0,37.64622,127.0363
D-11,26224.351063802333,6.0,37.64622,127.0363
D-12,75583.34399999924,0.0,37.63312,127.06700000000001
D-12,76141.22580645038,1.0,37.63312,127.06700000000001
D-12,76243.28099173393,2.0,37.63312,127.06700000000001
D-12,76787.82399999759,3.0,37.63312,127.06700000000001
D-12,76354.87096774009,4.0,37.63312,127.06700000000001
D-12,74490.19008264506,5.0,37.63312,127.06700000000001
D-12,76195.97580645863,6.0,37.63312,127.06700000000001
D-13,31558.886956499515,0.0,37.65293,127.0635
D-13,31780.589743571614,1.0,37.65293,127.0635
D-13,31482.188034177518,2.0,37.65293,127.0635
D-13,31785.6551724106,3.0,37.65293,127.0635
D-13,32661.637931039022,4.0,37.65293,127.0635
D-13,33778.805309749005,5.0,37.65293,127.0635
D-13,27456.904347861626,6.0,37.65293,127.0635
D-14,43005.27433628483,0.0,37.58036,126.9082
D-14,42844.991150446025,1.0,37.58036,126.9082
D-14,43197.69026549244,2.0,37.58036,126.9082
D-14,42983.68421052845,3.0,37.58036,126.9082
D-14,43906.07207207463,4.0,37.58036,126.9082
D-14,47188.84259259039,5.0,37.58036,126.9082
D-14,42629.84545453159,6.0,37.58036,126.9082
D-15,41395.15178568526,0.0,37.595420000000004,126.943
D-15,41754.00869563766,1.0,37.595420000000004,126.943
D-15,41569.79487178894,2.0,37.595420000000004,126.943
D-15,41710.228070175785,3.0,37.595420000000004,126.943
D-15,41596.881355938895,4.0,37.595420000000004,126.943
D-15,43913.000000014945,5.0,37.595420000000004,126.943
D-15,44123.932203416756,6.0,37.595420000000004,126.943
D-16,55497.964601763044,0.0,37.56351,126.9342
D-16,56344.249999996224,1.0,37.56351,126.9342
D-16,56289.43965516851,2.0,37.56351,126.9342
D-16,56986.47787610861,3.0,37.56351,126.9342
D-16,57253.669565220334,4.0,37.56351,126.9342
D-16,53238.53153153682,5.0,37.56351,126.9342
D-16,47870.76315789866,6.0,37.56351,126.9342
D-17,25044.47321428226,0.0,37.566559999999996,126.9332
D-17,25605.98230088202,1.0,37.566559999999996,126.9332
D-17,25526.843478259616,2.0,37.566559999999996,126.9332
D-17,25637.663636364967,3.0,37.566559999999996,126.9332
D-17,26130.04464286034,4.0,37.566559999999996,126.9332
D-17,26356.119266058595,5.0,37.566559999999996,126.9332
D-17,23627.123893805154,6.0,37.566559999999996,126.9332
D-18,39644.50684921067,0.0,37.535922,126.828191
D-18,40875.567567499835,1.0,37.535922,126.828191
D-18,40648.894736815106,2.0,37.535922,126.828191
D-18,42383.68831169782,3.0,37.535922,126.828191
D-18,41982.02631583387,4.0,37.535922,126.828191
D-18,40172.81690147725,5.0,37.535922,126.828191
D-18,35422.97368428713,6.0,37.535922,126.828191
D-19,68692.36363639172,0.0,37.52453391,126.83918030000001
D-19,68685.83157896965,1.0,37.52453391,126.83918030000001
D-19,68969.31372551153,2.0,37.52453391,126.83918030000001
D-19,70699.91836735583,3.0,37.52453391,126.83918030000001
D-19,69801.47826086987,4.0,37.52453391,126.83918030000001
D-19,64763.8958333115,5.0,37.52453391,126.83918030000001
D-19,58551.31958756993,6.0,37.52453391,126.83918030000001
D-20,26090.810344835878,0.0,37.53499719,126.84796200000001
D-20,26204.32173913278,1.0,37.53499719,126.84796200000001
D-20,26347.168067224316,2.0,37.53499719,126.84796200000001
D-20,26274.067796603373,3.0,37.53499719,126.84796200000001
D-20,26576.655172405077,4.0,37.53499719,126.84796200000001
D-20,26766.692982450728,5.0,37.53499719,126.84796200000001
D-20,25111.49579833182,6.0,37.53499719,126.84796200000001
D-21,23926.528571423743,0.0,37.55979608,126.832746
D-21,23895.471428568355,1.0,37.55979608,126.832746
D-21,23909.414285712854,2.0,37.55979608,126.832746
D-21,24613.39999999988,3.0,37.55979608,126.832746
D-21,24913.289855074592,4.0,37.55979608,126.832746
D-21,23607.88405797484,5.0,37.55979608,126.832746
D-21,20116.82352941549,6.0,37.55979608,126.832746
D-22,33671.55660375794,0.0,37.49899825,126.8538692
D-22,33630.818181805495,1.0,37.49899825,126.8538692
D-22,33567.882882878475,2.0,37.49899825,126.8538692
D-22,33303.500000000786,3.0,37.49899825,126.8538692
D-22,34033.7142857242,4.0,37.49899825,126.8538692
D-22,34128.74311927955,5.0,37.49899825,126.8538692
D-22,30814.743362839377,6.0,37.49899825,126.8538692
D-23,35832.888888883645,0.0,37.50694204,126.88720740000001
D-23,36145.74166666282,1.0,37.50694204,126.88720740000001
D-23,36111.01694915106,2.0,37.50694204,126.88720740000001
D-23,36388.36521739281,3.0,37.50694204,126.88720740000001
D-23,36503.94017094312,4.0,37.50694204,126.88720740000001
D-23,35897.736842108985,5.0,37.50694204,126.88720740000001
D-23,32794.59663865803,6.0,37.50694204,126.88720740000001
D-24,57313.75652178729,0.0,37.47740403,126.90134990000001
D-24,58617.316239350126,1.0,37.47740403,126.90134990000001
D-24,58634.57627120741,2.0,37.47740403,126.90134990000001
D-24,58366.8333333427,3.0,37.47740403,126.90134990000001
D-24,59849.33333332674,4.0,37.47740403,126.90134990000001
D-24,56851.46902651808,5.0,37.47740403,126.90134990000001
D-24,48638.895652095816,6.0,37.47740403,126.90134990000001
D-25,39929.14444444984,0.0,37.52366222,126.88635
D-25,39945.58064516277,1.0,37.52366222,126.88635
D-25,40194.791208790666,2.0,37.52366222,126.88635
D-25,40326.307692306495,3.0,37.52366222,126.88635
D-25,40928.463157893166,4.0,37.52366222,126.88635
D-25,39807.88764044774,5.0,37.52366222,126.88635
D-25,32087.505494503806,6.0,37.52366222,126.88635
D-26,53847.29824561816,0.0,37.48749526,126.9071821
D-26,54391.05982906349,1.0,37.48749526,126.9071821
D-26,54468.61016949262,2.0,37.48749526,126.9071821
D-26,54932.10619469203,3.0,37.48749526,126.9071821
D-26,55507.50862068861,4.0,37.48749526,126.9071821
D-26,53723.35398229814,5.0,37.48749526,126.9071821
D-26,46927.826086949484,6.0,37.48749526,126.9071821
D-27,41714.222222222365,0.0,37.52633243,126.9133007
D-27,42875.452830190145,1.0,37.52633243,126.9133007
D-27,42389.54716981558,2.0,37.52633243,126.9133007
D-27,42961.0754717037,3.0,37.52633243,126.9133007
D-27,43628.27272727757,4.0,37.52633243,126.9133007
D-27,41469.490909090964,5.0,37.52633243,126.9133007
D-27,36671.98214284179,6.0,37.52633243,126.9133007
D-28,44762.04494382729,0.0,37.52095122,126.918191
D-28,47346.127906979214,1.0,37.52095122,126.918191
D-28,47282.09638554772,2.0,37.52095122,126.918191
D-28,47673.59523809433,3.0,37.52095122,126.918191
D-28,49141.82954545538,4.0,37.52095122,126.918191
D-28,44137.6966292092,5.0,37.52095122,126.918191
D-28,36977.44943819207,6.0,37.52095122,126.918191
D-29,55733.13761468639,0.0,37.517602350000004,126.9307222
D-29,56620.86792453174,1.0,37.517602350000004,126.9307222
D-29,57173.962616825724,2.0,37.517602350000004,126.9307222
D-29,57846.99090909307,3.0,37.517602350000004,126.9307222
D-29,59041.972477065836,4.0,37.517602350000004,126.9307222
D-29,54335.13084111782,5.0,37.517602350000004,126.9307222
D-29,47332.75229356403,6.0,37.517602350000004,126.9307222
D-30,46211.75000000205,0.0,37.51138465,126.9562399
D-30,46929.24793388544,1.0,37.51138465,126.9562399
D-30,47100.61475409906,2.0,37.51138465,126.9562399
D-30,47070.50833333325,3.0,37.51138465,126.9562399
D-30,47456.677685949835,4.0,37.51138465,126.9562399
D-30,49156.97391304221,5.0,37.51138465,126.9562399
D-30,46738.83193277115,6.0,37.51138465,126.9562399
D-31,62614.29059818495,0.0,37.49495352,126.98572250000001
D-31,62129.341880283544,1.0,37.49495352,126.98572250000001
D-31,62074.145299124626,2.0,37.49495352,126.98572250000001
D-31,63545.4789916109,3.0,37.49495352,126.98572250000001
D-31,61884.04385969814,4.0,37.49495352,126.98572250000001
D-31,62299.51754392954,5.0,37.49495352,126.98572250000001
D-31,62115.61206901973,6.0,37.49495352,126.98572250000001
D-32,12525.267857144176,0.0,37.47961028,126.92715349999999
D-32,12526.342105264182,1.0,37.47961028,126.92715349999999
D-32,12465.98260869631,2.0,37.47961028,126.92715349999999
D-32,12657.93965517257,3.0,37.47961028,126.92715349999999
D-32,12872.22608695611,4.0,37.47961028,126.92715349999999
D-32,12491.431192659493,5.0,37.47961028,126.92715349999999
D-32,10236.01801801618,6.0,37.47961028,126.92715349999999
D-33,58534.21238936556,0.0,37.47837924,126.9652571
D-33,58650.29411763854,1.0,37.47837924,126.9652571
D-33,58526.80327868836,2.0,37.47837924,126.9652571
D-33,59292.47107438734,3.0,37.47837924,126.9652571
D-33,59531.52100841715,4.0,37.47837924,126.9652571
D-33,59178.53508773169,5.0,37.47837924,126.9652571
D-33,53563.04273503136,6.0,37.47837924,126.9652571
D-34,61495.13861386294,0.0,37.4770832,127.0070659
D-34,62243.81904762001,1.0,37.4770832,127.0070659
D-34,62412.72897196334,2.0,37.4770832,127.0070659
D-34,63043.98130841051,3.0,37.4770832,127.0070659
D-34,63398.7641509419,4.0,37.4770832,127.0070659
D-34,60003.892156860755,5.0,37.4770832,127.0070659
D-34,51602.43269230876,6.0,37.4770832,127.0070659
D-35,40301.319327728175,0.0,37.49271614,127.03316480000001
D-35,40514.663865545655,1.0,37.49271614,127.03316480000001
D-35,40557.27966101993,2.0,37.49271614,127.03316480000001
D-35,41331.38333333995,3.0,37.49271614,127.03316480000001
D-35,41077.61206897289,4.0,37.49271614,127.03316480000001
D-35,39010.11206896789,5.0,37.49271614,127.03316480000001
D-35,33861.49999998375,6.0,37.49271614,127.03316480000001
D-36,61403.83333332378,0.0,37.50405993,127.0107105
D-36,61794.521739125936,1.0,37.50405993,127.0107105
D-36,62883.82291666517,2.0,37.50405993,127.0107105
D-36,63405.88043478259,3.0,37.50405993,127.0107105
D-36,62965.12765957623,4.0,37.50405993,127.0107105
D-36,61694.035294121975,5.0,37.50405993,127.0107105
D-36,56143.14285715255,6.0,37.50405993,127.0107105
D-37,66944.53278686167,0.0,37.49678389,127.00847730000001
D-37,66420.00813007302,1.0,37.49678389,127.00847730000001
D-37,66538.34426229465,2.0,37.49678389,127.00847730000001
D-37,67895.34146341904,3.0,37.49678389,127.00847730000001
D-37,66142.69491526092,4.0,37.49678389,127.00847730000001
D-37,59933.19658120585,5.0,37.49678389,127.00847730000001
D-37,57143.35000001258,6.0,37.49678389,127.00847730000001
D-38,37118.529411805335,0.0,37.49294768,127.05037420000001
D-38,38097.44565220906,1.0,37.49294768,127.05037420000001
D-38,39433.41176473323,2.0,37.49294768,127.05037420000001
D-38,39335.400000016416,3.0,37.49294768,127.05037420000001
D-38,39824.93181817752,4.0,37.49294768,127.05037420000001
D-38,35370.16470584833,5.0,37.49294768,127.05037420000001
D-38,32259.14444436739,6.0,37.49294768,127.05037420000001
D-39,62021.675675689345,0.0,37.49602182,127.0950375
D-39,63228.2521739218,1.0,37.49602182,127.0950375
D-39,63164.717948724174,2.0,37.49602182,127.0950375
D-39,62964.36206896529,3.0,37.49602182,127.0950375
D-39,63627.05217390937,4.0,37.49602182,127.0950375
D-39,60459.587719288524,5.0,37.49602182,127.0950375
D-39,51683.38793101975,6.0,37.49602182,127.0950375
D-40,46138.333333414594,0.0,37.46538637,127.10828570000001
D-40,47220.736842157065,1.0,37.46538637,127.10828570000001
D-40,47945.256637199185,2.0,37.46538637,127.10828570000001
D-40,47975.63063064125,3.0,37.46538637,127.10828570000001
D-40,49825.96428569979,4.0,37.46538637,127.10828570000001
D-40,46259.59633022299,5.0,37.46538637,127.10828570000001
D-40,37556.754545343654,6.0,37.46538637,127.10828570000001
D-41,34692.58536584302,0.0,37.53024323,126.912123
D-41,34846.430894305835,1.0,37.53024323,126.912123
D-41,34706.902439020145,2.0,37.53024323,126.912123
D-41,35227.12195122594,3.0,37.53024323,126.912123
D-41,36679.55645161712,4.0,37.53024323,126.912123
D-41,33771.73333333991,5.0,37.53024323,126.912123
D-41,26709.21311475464,6.0,37.53024323,126.912123
D-42,49784.86324790106,0.0,37.50640909,127.055048
D-42,49521.05785127629,1.0,37.50640909,127.055048
D-42,50105.6942149082,2.0,37.50640909,127.055048
D-42,51310.42500002277,3.0,37.50640909,127.055048
D-42,49769.29166667295,4.0,37.50640909,127.055048
D-42,49183.88034185218,5.0,37.50640909,127.055048
D-42,40472.94999989155,6.0,37.50640909,127.055048
D-43,52509.1452991449,0.0,37.51549829,127.0229814
D-43,52773.83760683622,1.0,37.51549829,127.0229814
D-43,53055.68103448416,2.0,37.51549829,127.0229814
D-43,53810.692307690326,3.0,37.51549829,127.0229814
D-43,53680.39823008866,4.0,37.51549829,127.0229814
D-43,49199.289473683624,5.0,37.51549829,127.0229814
D-43,44662.01724138231,6.0,37.51549829,127.0229814
D-44,24325.37168136064,0.0,37.51174341,127.0812824
D-44,25168.583333294082,1.0,37.51174341,127.0812824
D-44,24721.414634131568,2.0,37.51174341,127.0812824
D-44,25414.74789917236,3.0,37.51174341,127.0812824
D-44,25285.341666699558,4.0,37.51174341,127.0812824
D-44,24840.98230092658,5.0,37.51174341,127.0812824
D-44,21082.3508772162,6.0,37.51174341,127.0812824
D-45,35110.915492964195,0.0,37.487737100000004,127.124772
D-45,35818.22368420945,1.0,37.487737100000004,127.124772
D-45,36382.06493505847,2.0,37.487737100000004,127.124772
D-45,36846.70129869199,3.0,37.487737100000004,127.124772
D-45,37950.94594593618,4.0,37.487737100000004,127.124772
D-45,35653.58571428292,5.0,37.487737100000004,127.124772
D-45,30326.07042256031,6.0,37.487737100000004,127.124772
D-46,26419.43181805275,0.0,37.5141411,127.1040228
D-46,27330.17777769009,1.0,37.5141411,127.1040228
D-46,26271.574468030307,2.0,37.5141411,127.1040228
D-46,27320.630434758586,3.0,37.5141411,127.1040228
D-46,27192.717391314658,4.0,37.5141411,127.1040228
D-46,27011.348837280504,5.0,37.5141411,127.1040228
D-46,23974.545454768555,6.0,37.5141411,127.1040228
F-01,151701.79838696093,0.0,37.50668419,126.9762636
F-01,152845.43902428905,1.0,37.50668419,126.9762636
F-01,151364.67479668115,2.0,37.50668419,126.9762636
F-01,153482.77599996974,3.0,37.50668419,126.9762636
F-01,153115.12396695552,4.0,37.50668419,126.9762636
F-01,150249.1735538041,5.0,37.50668419,126.9762636
F-01,150372.60655761854,6.0,37.50668419,126.9762636
F-02,158894.54838699423,0.0,37.51756074,126.9771987
F-02,157135.65322574333,1.0,37.51756074,126.9771987
F-02,156420.21951216328,2.0,37.51756074,126.9771987
F-02,156821.42399999764,3.0,37.51756074,126.9771987
F-02,154397.52066118328,4.0,37.51756074,126.9771987
F-02,155873.5950413851,5.0,37.51756074,126.9771987
F-02,157435.5000001145,6.0,37.51756074,126.9771987
F-03,98283.01639344275,0.0,37.60934034,127.0018822
F-03,98482.43442623096,1.0,37.60934034,127.0018822
F-03,98849.85245901771,2.0,37.60934034,127.0018822
F-03,99103.9193548398,3.0,37.60934034,127.0018822
F-03,98402.66942148807,4.0,37.60934034,127.0018822
F-03,95476.89256198291,5.0,37.60934034,127.0018822
F-03,93903.90909090522,6.0,37.60934034,127.0018822
F-04,66788.75806440841,0.0,37.60905827,127.0555482
F-04,67884.81451606816,1.0,37.60905827,127.0555482
F-04,67366.47967477358,2.0,37.60905827,127.0555482
F-04,68952.43200001112,3.0,37.60905827,127.0555482
F-04,68432.11570252056,4.0,37.60905827,127.0555482
F-04,67260.75206618276,5.0,37.60905827,127.0555482
F-04,66607.15573778198,6.0,37.60905827,127.0555482
F-05,89227.26612900091,0.0,37.57472978,127.0821409
F-05,90121.3821138036,1.0,37.57472978,127.0821409
F-05,90016.03305783955,2.0,37.57472978,127.0821409
F-05,89696.08870966968,3.0,37.57472978,127.0821409
F-05,89020.5371900827,4.0,37.57472978,127.0821409
F-05,94833.45833335059,5.0,37.57472978,127.0821409
F-05,93835.88524595356,6.0,37.57472978,127.0821409
F-06,128366.19354838632,0.0,37.48934747,127.0267175
F-06,129772.88709677002,1.0,37.48934747,127.0267175
F-06,129893.0819672067,2.0,37.48934747,127.0267175
F-06,129763.48799999186,3.0,37.48934747,127.0267175
F-06,128175.49999999347,4.0,37.48934747,127.0267175
F-06,125789.20661157147,5.0,37.48934747,127.0267175
F-06,125516.03278691076,6.0,37.48934747,127.0267175
F-07,92146.09677421855,0.0,37.49812147,127.0901578
F-07,93362.87903226863,1.0,37.49812147,127.0901578
F-07,93733.77049180446,2.0,37.49812147,127.0901578
F-07,92539.34399999419,3.0,37.49812147,127.0901578
F-07,92121.34710742882,4.0,37.49812147,127.0901578
F-07,90228.75206610357,5.0,37.49812147,127.0901578
F-07,87302.54098359746,6.0,37.49812147,127.0901578
F-08,46817.82258054928,0.0,37.43887854,126.9105835
F-08,48169.887096718354,1.0,37.43887854,126.9105835
F-08,48787.71774190901,2.0,37.43887854,126.9105835
F-08,48904.11290322901,3.0,37.43887854,126.9105835
F-08,50870.41322317294,4.0,37.43887854,126.9105835
F-08,48506.05737711116,5.0,37.43887854,126.9105835
F-08,39484.59677427506,6.0,37.43887854,126.9105835
F-09,65563.12037038602,0.0,37.52140626,126.8847778
F-09,64986.38888889804,1.0,37.52140626,126.8847778
F-09,64969.02777778549,2.0,37.52140626,126.8847778
F-09,65086.2752293651,3.0,37.52140626,126.8847778
F-09,62547.06603774513,4.0,37.52140626,126.8847778
F-09,64404.36792452607,5.0,37.52140626,126.8847778
F-09,67888.50925921355,6.0,37.52140626,126.8847778
